hidden,dropout,epochs,weight_decay,nin,nout,alpha,mean_pehe,mean_mae_ate
100,0.1,200,0.0001,1,1,0.0001,34.32445102267795,25.648671997918022
100,0.1,200,0.0001,1,2,0.0001,34.71539709303114,26.122358322143555
100,0.1,200,0.0001,1,3,0.0001,35.20878558688693,26.778117921617294
100,0.1,200,0.0001,2,1,0.0001,32.40372562408447,24.907262060377334
100,0.1,200,0.0001,2,2,0.0001,33.281448152330185,25.736122131347656
100,0.1,200,0.0001,2,3,0.0001,32.42850981818305,24.85772026909722
