hidden,dropout,epochs,weight_decay,nin,nout,alpha,mean_pehe,mean_mae_ate
100,0.1,200,0.0001,1,1,0.0001,60.91070641411675,47.165743086073135
100,0.1,200,0.0001,1,2,0.0001,62.13402239481608,48.38440873887804
100,0.1,200,0.0001,1,3,0.0001,61.004759046766495,47.246799892849396
100,0.1,200,0.0001,2,1,0.0001,56.16955354478624,43.98302438524034
100,0.1,200,0.0001,2,2,0.0001,57.39190355936686,44.83648236592611
100,0.1,200,0.0001,2,3,0.0001,58.06208144293891,45.583625157674156
