hidden,dropout,epochs,weight_decay,nin,nout,alpha,mean_pehe,mean_mae_ate
200,0.1,200,1e-05,1,1,0.0001,18.447899924384224,14.152853806813559
200,0.1,200,1e-05,1,2,0.0001,18.525399843851726,14.202828566233316
200,0.1,200,1e-05,1,3,0.0001,18.46528763241238,14.16844235526191
200,0.1,200,1e-05,2,1,0.0001,18.316647317674423,14.08059565226237
200,0.1,200,1e-05,2,2,0.0001,18.288080745273167,14.042601373460558
200,0.1,200,1e-05,2,3,0.0001,18.321595509847004,14.147586769527859
